t,S,I,R,cenario
0.0,1607058.0,1.0,0.0,COVID-19
1.0027472527472527,1607057.7294782458,1.1623129760054234,0.10820877807192478,COVID-19
2.0054945054945055,1607057.415029218,1.3509822808387448,0.23398850142038402,COVID-19
3.008241758241758,1607057.0495119158,1.5702925000392014,0.38019558427949623,COVID-19
4.010989010989011,1607056.6247784065,1.8251323773740928,0.5500892161705795,COVID-19
5.013736263736264,1607056.1311224496,2.1213256310672293,0.7475519194458342,COVID-19
6.016483516483516,1607055.5572152063,2.465669527091667,0.9771152665807483,COVID-19
7.019230769230769,1607054.890103613,2.865935855725557,1.2439605313474824,COVID-19
8.021978021978022,1607054.1143701663,3.331375022948311,1.5542548108825338,COVID-19
9.024725274725274,1607053.2131254748,3.872120605551071,1.9147539198651031,COVID-19
10.027472527472527,1607052.1665175231,4.500083736835234,2.3333987403091627,COVID-19
11.030219780219781,1607050.9503733662,5.229768021950921,2.8198586121256524,COVID-19
12.032967032967033,1607049.5361991292,6.078269537896977,3.3855313331224846,COVID-19
13.035714285714285,1607047.8911800077,7.0652768335209775,4.043543159004538,COVID-19
14.038461538461538,1607045.9781802674,8.213070929519215,4.808748803373669,COVID-19
15.041208791208792,1607043.755360145,9.546755116427741,5.697884738911001,COVID-19
16.043956043956044,1607041.1701927627,11.09784408937245,6.731963148211318,COVID-19
17.046703296703296,1607038.1684306301,12.898886143773812,7.932683226473602,COVID-19
18.049450549450547,1607034.6845373532,14.989202486031683,9.326260160949142,COVID-19
19.052197802197803,1607030.6377690707,17.417237692455956,10.944993237026303,COVID-19
20.054945054945055,1607025.9321744528,20.240559709266513,12.827265838230495,COVID-19
21.057692307692307,1607020.4565947014,23.525859852593282,15.017545446224208,COVID-19
22.060439560439562,1607014.084663551,27.34895280847623,17.56638364080701,COVID-19
23.063186813186814,1607006.6748072675,31.794776632865297,20.530416099915495,COVID-19
24.065934065934066,1606998.0681694986,36.95863654147587,23.973193960179252,COVID-19
25.068681318681318,1606988.0578088511,42.964672045323546,27.977519103861475,COVID-19
26.07142857142857,1606976.4365519045,49.9371870143769,32.62626108138037,COVID-19
27.074175824175825,1606962.9543411199,58.02621006179275,38.019448818602456,COVID-19
28.076923076923077,1606947.299790439,67.41854850202051,44.28166105918059,COVID-19
29.07967032967033,1606929.1001852849,78.33778835080244,51.5620263645541,COVID-19
30.082417582417584,1606907.9214825612,91.04429432517352,60.03422311394874,COVID-19
31.085164835164836,1606883.2683106523,105.83520984346133,69.89647950437657,COVID-19
32.08791208791209,1606854.5839694242,123.04445702528626,81.3715735506361,COVID-19
33.09065934065934,1606821.2504302233,143.0427366915615,94.70683308531235,COVID-19
34.09340659340659,1606782.527385168,166.2739471361757,110.19866769598386,COVID-19
35.09615384615385,1606737.5091013706,193.28116852761727,128.20973010189772,COVID-19
36.098901098901095,1606685.287002764,224.6096354138647,149.10336182233084,COVID-19
37.10164835164835,1606624.7033129167,260.9537978662239,173.34288921722018,COVID-19
38.104395604395606,1606554.3376289161,303.16533859543176,201.49703248858688,COVID-19
39.107142857142854,1606472.506921368,352.25317295165723,234.23990568053676,COVID-19
40.10989010989011,1606377.2655343965,409.38344892450175,272.3510166792612,COVID-19
41.112637362637365,1606266.405185644,475.87954714299804,316.7152672130355,COVID-19
42.11538461538461,1606137.4549662722,553.2220808756103,368.32295285221954,COVID-19
43.11813186813187,1605987.6813409608,643.0488960302359,428.2697630092591,COVID-19
44.120879120879124,1605813.6926438697,747.3880315514098,497.9193245790918,COVID-19
45.12362637362637,1605611.5509324973,868.5970584846025,578.8520090182382,COVID-19
46.12637362637363,1605377.1527607178,1009.1396528153584,672.7075864670057,COVID-19
47.129120879120876,1605105.2747293585,1172.1449396687635,781.5803309728558,COVID-19
48.13186813186813,1604789.5591343113,1361.4159179240596,908.0249477647415,COVID-19
49.13461538461539,1604422.5139665324,1581.4294602146351,1055.056573253104,COVID-19
50.137362637362635,1603995.5129120422,1837.3363129280292,1226.1507750298729,COVID-19
51.14010989010989,1603498.7953519258,2134.961096205938,1425.2435518684706,COVID-19
52.14285714285714,1602921.4663623322,2480.8023039441996,1656.7313337238052,COVID-19
53.145604395604394,1602251.496714475,2882.032303792813,1925.4709817322791,COVID-19
54.14835164835165,1601474.18941191,3347.329041938263,2237.4815461518556,COVID-19
55.1510989010989,1600572.353978169,3886.9081838675975,2599.7378379636566,COVID-19
56.15384615384615,1599527.561844759,4511.854644839691,3019.5835104016514,COVID-19
57.15659340659341,1598316.9343440556,5235.796856264482,3506.268799680197,COVID-19
58.15934065934066,1596913.103927617,6074.92726499158,4070.968807391791,COVID-19
59.16208791208791,1595284.2141661828,7048.002333310291,4726.783500507088,COVID-19
60.16483516483517,1593393.9197496758,8176.3425389495715,5488.737711374872,COVID-19
61.167582417582416,1591201.3864872002,9483.832375078047,6373.781137722066,COVID-19
62.17032967032967,1588661.2913070424,10996.920350304055,7400.7883426537555,COVID-19
63.17307692307692,1585723.8222566715,12744.618988675558,8590.558754653142,COVID-19
64.17582417582418,1582334.0157818855,14757.646973235767,9967.33724487901,COVID-19
65.17857142857143,1578424.099477253,17074.471575116168,11560.428947631046,COVID-19
66.18131868131869,1573913.20402123,19743.778626691368,13402.01735207874,COVID-19
67.18406593406593,1568710.5144349658,22818.220578727447,15530.26498630703,COVID-19
68.18681318681318,1562715.3044159818,26354.29291909003,17989.40266492845,COVID-19
69.18956043956044,1555816.9363381732,30412.334172744042,20829.729489082973,COVID-19
70.1923076923077,1547894.8612518082,35056.52590175387,24107.61284643811,COVID-19
71.19505494505495,1538818.618883528,40354.892705283324,27885.488411188875,COVID-19
72.19780219780219,1528447.837636347,46379.30221959554,32231.860144057744,COVID-19
73.20054945054945,1516632.2345896522,53205.46511805335,37221.300292294894,COVID-19
74.2032967032967,1503233.0463563094,60895.824462552846,42930.12918113788,COVID-19
75.20604395604396,1488129.2309016676,69489.900812323,49439.868286009514,COVID-19
76.20879120879121,1471071.645973438,79118.16280101934,56869.191225542876,COVID-19
77.21153846153847,1451837.7601182596,89883.73132518155,65337.508556559,COVID-19
78.21428571428571,1430247.3367751262,101850.17029741,74961.49292746402,COVID-19
79.21703296703296,1406162.434275384,115041.48664636645,85855.07907824978,COVID-19
80.21978021978022,1379487.4058427343,129442.13031677296,98129.46384049306,COVID-19
81.22252747252747,1350168.8995932317,144996.99426941265,111893.10613735594,COVID-19
82.22527472527473,1318195.858535285,161611.41448112947,127251.72698358588,COVID-19
83.22802197802197,1283599.5205696572,179151.16994482797,144308.30948551535,COVID-19
84.23076923076923,1246453.4184894636,197442.4826694743,163163.09884106275,COVID-19
85.23351648351648,1206797.078589559,216340.4666592718,183921.45475116943,COVID-19
86.23626373626374,1164723.3039998114,235687.38763714937,206648.3083630394,COVID-19
87.23901098901099,1120722.4314116524,255022.05551272773,231314.51307562023,COVID-19
88.24175824175825,1075283.1777273011,273909.8744180218,257865.94785467727,COVID-19
89.24450549450549,1028870.3659878056,291961.7689009485,286226.86511124595,COVID-19
90.24725274725274,981924.9253730389,308834.1839253278,316299.89070163347,COVID-19
91.25,934863.891201703,324229.0848708809,347966.02392741636,COVID-19
92.25274725274726,888080.4049313266,337893.9575332317,381084.6375354419,COVID-19
93.25549450549451,841943.7141582659,349621.8081239064,415493.4777178279,COVID-19
94.25824175824175,796799.1726177048,359251.163270333,451008.66411196237,COVID-19
95.26098901098901,752968.2401836526,366666.07001584256,487424.6898005051,COVID-19
96.26373626373626,710748.4828689476,371796.09581966756,524514.4213113851,COVID-19
97.26648351648352,670413.5728252551,374616.32855694316,562029.098617802,COVID-19
98.26923076923077,632213.2883430673,375147.37651870644,599698.3351382266,COVID-19
99.27197802197801,596317.0863695317,373485.77210445993,637256.1415260085,COVID-19
100.27472527472527,562649.9465078347,369870.05826795864,674538.9952242067,COVID-19
101.27747252747253,531214.1986940823,364479.0453617236,711365.7559441942,COVID-19
102.28021978021978,502007.2951507455,357484.6592587759,747567.0455904787,COVID-19
103.28296703296704,475006.96048157034,349060.5919767467,782991.4475416831,COVID-19
104.28571428571428,450171.19167157845,339382.3016778776,817505.506650544,COVID-19
105.28846153846153,427438.25808706577,328627.01266902004,850993.7292439144,COVID-19
106.29120879120879,406726.7014756042,316973.71540163585,883358.58312276,COVID-19
107.29395604395604,387935.3359660407,304603.16647179716,914520.4975621623,COVID-19
108.2967032967033,370943.2480684972,291697.88862018613,944417.8633113168,COVID-19
109.29945054945055,355609.7966743711,278442.1707320951,973007.0325935339,COVID-19
110.3021978021978,341774.6130563349,265022.06783742696,1000262.3191062384,COVID-19
111.30494505494505,329257.6008683356,251625.40111069407,1026175.9980209705,COVID-19
112.3076923076923,317858.9361455963,238441.75787101968,1050758.3059833841,COVID-19
113.31043956043956,307359.06730461493,225662.49158213695,1074037.4411132482,COVID-19
114.31318681318682,297518.71514316456,213480.7218523892,1096059.5630044462,COVID-19
115.31593406593406,288127.41524502105,202045.09368297024,1116886.4910720086,COVID-19
116.31868131868131,279425.191796628,191067.86234786606,1136565.945855506,COVID-19
117.32142857142857,271443.3482264697,180470.15103292337,1155145.5007406068,COVID-19
118.32417582417582,264121.8429074008,170262.6011276173,1172674.555964982,COVID-19
119.32692307692308,257404.23849171927,160453.69207085884,1189201.0694374219,COVID-19
120.32967032967034,251237.70191116616,151049.74135099517,1204771.5567378385,COVID-19
121.33241758241758,245573.00437692582,142054.90450580954,1219431.0911172647,COVID-19
122.33516483516483,240364.52137962537,133471.17512252083,1233223.3034978537,COVID-19
123.33791208791209,235570.23268933545,125298.38483778437,1246190.3824728802,COVID-19
124.34065934065934,231151.72235556965,117534.20333769143,1258373.074306739,COVID-19
125.3434065934066,227074.1787072848,110174.13835776928,1269810.682934946,COVID-19
126.34615384615384,223306.3943528809,103211.5356829813,1280541.0699641379,COVID-19
127.3489010989011,219820.7661802009,96637.57914772663,1290600.6546720725,COVID-19
128.35164835164835,216593.29535653116,90441.29063584076,1300024.414007628,COVID-19
129.3543956043956,213603.58732860096,84609.5300805951,1308845.882590804,COVID-19
130.35714285714286,210834.85182258283,79126.99546469696,1317097.1527127202,COVID-19
131.3598901098901,208273.90284409255,73976.22282028996,1324808.8743356175,COVID-19
132.36263736263737,205911.15867818877,69137.58622895341,1332010.2550928579,COVID-19
133.3653846153846,203740.64188937354,64589.29782170305,1338729.0602889233,COVID-19
134.36813186813185,201757.80508407648,60308.38956080389,1344992.8053551195,COVID-19
135.37087912087912,199928.2423276024,56287.425485071704,1350843.332187326,COVID-19
136.37362637362637,198233.35464380402,52517.413588638985,1356308.231767557,COVID-19
137.37637362637363,196664.62408863558,48985.83560563191,1361408.5403057325,COVID-19
138.37912087912088,195213.76194109154,45680.41639060412,1366164.8216683043,COVID-19
139.38186813186812,193872.70870320615,42589.12391853596,1370597.167378258,COVID-19
140.3846153846154,192633.63410005366,39700.16928483476,1374725.1966151115,COVID-19
141.38736263736263,191488.93707974837,37002.00670533515,1378568.0562149165,COVID-19
142.3901098901099,190431.24581344443,34483.33351629844,1382144.4206702572,COVID-19
143.39285714285714,189453.41769533601,32133.09017441321,1385472.4921302507,COVID-19
144.39560439560438,188548.53934265726,29940.460256794886,1388570.0004005479,COVID-19
145.39835164835165,187709.92659568216,27894.870460985854,1391454.202943332,COVID-19
146.4010989010989,186931.12451772488,25985.990604955725,1394141.8848773194,COVID-19
147.40384615384616,186205.9073951393,24203.733627100883,1396649.3589777597,COVID-19
148.4065934065934,185528.93530280775,22538.481882230877,1398991.5828149612,COVID-19
149.40934065934067,184899.01748319442,20983.17825717232,1401176.8042596332,COVID-19
150.4120879120879,184313.79603144582,19531.90928443966,1403213.2946841144,COVID-19
151.41483516483515,183770.58224106306,18178.851386027447,1405109.5663729094,COVID-19
152.41758241758242,183266.750040295,16918.31632924323,1406873.9336304616,COVID-19
153.42032967032966,182799.73599213827,15744.751226707604,1408514.5127811541,COVID-19
154.42307692307693,182367.03929433716,14652.738536353998,1410039.2221693087,COVID-19
155.42582417582418,181966.22177938375,13636.99606142893,1411455.7821591871,COVID-19
156.42857142857142,181594.90791451777,12692.37695049178,1412771.7151349904,COVID-19
157.4313186813187,181250.78480172675,11813.86969741491,1413994.3455008583,COVID-19
158.43406593406593,180931.60217774595,10996.598141383693,1415130.7996808703,COVID-19
159.4368131868132,180635.17241405827,10235.821466896396,1416188.0061190452,COVID-19
160.43956043956044,180359.37051689444,9526.934203764318,1417172.6952793412,COVID-19
161.44230769230768,180102.1341272329,8865.466227111656,1418091.3996456554,COVID-19
162.44505494505495,179861.8995251142,8247.675895731101,1418949.4245791545,COVID-19
163.4478021978022,179638.25474994245,7671.684396373763,1419749.0608536836,COVID-19
164.45054945054946,179430.2763964766,7135.178788828591,1420493.5448146947,COVID-19
165.4532967032967,179237.0279857673,6635.858329543296,1421186.1136846894,COVID-19
166.45604395604394,179057.59547918843,6171.47795460119,1421829.9265662103,COVID-19
167.4587912087912,178891.08727843725,5739.848279721238,1422428.0644418413,COVID-19
168.46153846153845,178736.63422553445,5338.835600258086,1422983.5301742074,COVID-19
169.46428571428572,178593.389602824,4966.361891201981,1423499.248505974,COVID-19
170.46703296703296,178460.52913297323,4620.40480717886,1423978.0660598478,COVID-19
171.4697802197802,178337.2509789728,4298.997682450277,1424422.751338577,COVID-19
172.47252747252747,178222.77574413674,4000.229530913436,1424835.9947249496,COVID-19
173.47527472527472,178116.34647210245,3722.2450461012095,1425220.4084817963,COVID-19
174.47802197802199,178017.22864683066,3463.2446011820884,1425578.5267519872,COVID-19
175.48076923076923,177924.71101443528,3221.4859036784746,1425912.8030818861,COVID-19
176.4835164835165,177838.38892593002,2995.8718543333152,1426224.7392197365,COVID-19
177.48626373626374,177758.03467780966,2785.731367053764,1426515.2339551365,COVID-19
178.48901098901098,177683.2992010019,2590.1677314259305,1426785.5330675722,COVID-19
179.49175824175825,177613.84215361968,2408.3066941398597,1427036.8511522403,COVID-19
180.4945054945055,177549.33192096106,2239.296458989547,1427270.3716200492,COVID-19
181.49725274725276,177489.4456155092,2082.3076868729013,1427487.2466976177,COVID-19
182.5,177433.86907693252,1936.5334957917842,1427688.5974272755,COVID-19
183.50274725274724,177382.29687208452,1801.1894608519788,1427875.5136670633,COVID-19
184.5054945054945,177334.4322950039,1675.5136142632027,1428049.0540907327,COVID-19
185.50824175824175,177289.9873669145,1558.7664453391178,1428210.2461877463,COVID-19
186.51098901098902,177248.68283622526,1450.2309004973076,1428360.0862632773,COVID-19
187.51373626373626,177210.2481785304,1349.212383259302,1428499.5394382102,COVID-19
188.5164835164835,177174.42159660917,1255.0387542505548,1428629.53964914,COVID-19
189.51923076923077,177140.97346706415,1167.1165381822896,1428750.9099947533,COVID-19
190.52197802197801,177109.81043405595,1085.1854154953987,1428864.0041504486,COVID-19
191.52472527472528,177080.8103357586,1008.9238196173366,1428969.265844624,COVID-19
192.52747252747253,177053.8444220307,937.9954878368212,1429067.1600901324,COVID-19
193.53021978021977,177028.7872560246,872.0728152901825,1429158.139928685,COVID-19
194.53296703296704,177005.51671418655,810.8368549613692,1429242.646430852,COVID-19
195.53571428571428,176983.91398625672,753.9773176819546,1429321.1086960612,COVID-19
196.53846153846155,176963.86357526906,701.1925721311231,1429393.9438525997,COVID-19
197.5412087912088,176945.25329755145,652.1896448356846,1429461.5570576128,COVID-19
198.54395604395603,176927.97428272563,606.6842201700628,1429524.3414971041,COVID-19
199.5467032967033,176911.9209737072,564.4006403563003,1429582.6783859364,COVID-19
200.54945054945054,176896.99112670557,525.0719054640618,1429636.9369678302,COVID-19
201.5521978021978,176883.0858112241,488.4396734106265,1429687.4745153652,COVID-19
202.55494505494505,176870.1098257384,454.2553151117123,1429734.6348591498,COVID-19
203.5576923076923,176858.0073473886,422.3708395470486,1429778.6218130642,COVID-19
204.56043956043956,176846.74007479782,392.6842582167593,1429819.5756669855,COVID-19
205.5631868131868,176836.25902523904,365.06684154060594,1429857.6741332202,COVID-19
206.56593406593407,176826.5164699828,339.39315607110296,1429893.0903739461,COVID-19
207.5686813186813,176817.46593429736,315.5410644935243,1429925.993001209,COVID-19
208.57142857142856,176809.06219744866,293.3917256258976,1429956.5460769255,COVID-19
209.57417582417582,176801.26129270022,272.82959441900744,1429984.9091128807,COVID-19
210.57692307692307,176794.02050731322,253.74242195639596,1430011.2370707304,COVID-19
211.57967032967034,176787.29838254655,236.02125545435965,1430035.680361999,COVID-19
212.58241758241758,176781.0547136567,219.560438261953,1430058.3848480813,COVID-19
213.58516483516485,176775.25054989776,204.25760986098535,1430079.4918402412,COVID-19
214.5879120879121,176769.84819452156,190.01370586602354,1430099.1380996124,COVID-19
215.59065934065933,176764.81120477754,176.7329580243898,1430117.455837198,COVID-19
216.5934065934066,176760.10950342278,164.33619825714376,1430134.55429832,COVID-19
217.59615384615384,176755.73006500764,152.7887923284775,1430150.4811426639,COVID-19
218.5989010989011,176751.65478404664,142.04302504984452,1430165.3021909036,COVID-19
219.60164835164835,176747.86546141285,132.05095574169712,1430179.0835828453,COVID-19
220.6043956043956,176744.3443720466,122.76589260257214,1430191.8897353509,COVID-19
221.60714285714286,176741.0742649552,114.14239270909194,1430203.7833423356,COVID-19
222.6098901098901,176738.03836321333,106.13626201596507,1430214.8253747707,COVID-19
223.61263736263737,176735.22036396255,98.70455535598452,1430225.0750806814,COVID-19
224.6153846153846,176732.6044384117,91.80557644002965,1430234.5899851483,COVID-19
225.61813186813185,176730.17523183677,85.3988778570646,1430243.425890306,COVID-19
226.62087912087912,176727.91786358078,79.445261074139,1430251.636875345,COVID-19
227.62362637362637,176725.81792705393,73.90677643638844,1430259.2752965095,COVID-19
228.62637362637363,176723.8614897336,68.74672316703328,1430266.3917870994,COVID-19
229.62912087912088,176722.03542346376,63.93051603627366,1430273.0340604999,COVID-19
230.63186813186812,176720.3330619828,59.44054141240354,1430279.2263966047,COVID-19
231.6346153846154,176718.74838368,55.26090578364241,1430284.9907105363,COVID-19
232.63736263736263,176717.2744442102,51.37329993026981,1430290.3522558594,COVID-19
233.6401098901099,176715.90447837798,47.75988698364628,1430295.3356346383,COVID-19
234.64285714285714,176714.63190013796,44.40330242621424,1430299.9647974356,COVID-19
235.64560439560438,176713.4503025947,41.28665409149722,1430304.2630433138,COVID-19
236.64835164835165,176712.3534580026,38.39352216410022,1430308.2530198332,COVID-19
237.6510989010989,176711.335317766,35.70795917970994,1430311.9567230542,COVID-19
238.65384615384616,176710.39001243925,33.214490025094186,1430315.3954975356,COVID-19
239.6565934065934,176709.51185172657,30.898111938102517,1430318.5900363352,COVID-19
240.65934065934067,176708.69532448205,28.744294507665657,1430321.5603810102,COVID-19
241.6620879120879,176707.9350987098,26.738979673796017,1430324.3259216163,COVID-19
242.66483516483515,176707.22602156378,24.868581727587262,1430326.9053967085,COVID-19
243.66758241758242,176706.5643312411,23.123178269311374,1430329.3124904896,COVID-19
244.67032967032966,176705.94815969598,21.49783674302521,1430331.554003561,COVID-19
245.67307692307693,176705.37486474388,19.985588483603976,1430333.6395467725,COVID-19
246.67582417582418,176704.84186375738,18.57962194803442,1430335.5785142945,COVID-19
247.67857142857142,176704.34664179993,17.27330412601622,1430337.380054074,COVID-19
248.6813186813187,176703.88675162595,16.06018053996216,1430339.0530678341,COVID-19
249.68406593406593,176703.45981368076,14.933975244998203,1430340.6062110742,COVID-19
250.6868131868132,176703.06351610052,13.888590828963236,1430342.0478930704,COVID-19
251.68956043956044,176702.6956147124,12.918108412409362,1430343.3862768752,COVID-19
252.69230769230768,176702.35393303438,12.016787648601673,1430344.6292793169,COVID-19
253.69505494505495,176702.03636227542,11.17906672351833,1430345.784571001,COVID-19
254.6978021978022,176701.74086133536,10.399562355850655,1430346.8595763089,COVID-19
255.70054945054946,176701.46545680493,9.673069797002949,1430347.861473398,COVID-19
256.7032967032967,176701.20837310032,8.994905868252443,1430348.7967210314,COVID-19
257.70604395604397,176700.96881182244,8.362963654676411,1430349.6682245228,COVID-19
258.7087912087912,176700.74584720534,7.774801006796353,1430350.4793517878,COVID-19
259.71153846153845,176700.5384933208,7.227817262229543,1430351.233689417,COVID-19
260.7142857142857,176700.3457898156,6.719479220038084,1430351.9347309645,COVID-19
261.717032967033,176700.1668019115,6.247321140728772,1430352.5858769477,COVID-19
262.7197802197802,176700.00062040522,5.808944746253154,1430353.1904348487,COVID-19
263.7225274725275,176699.84636166855,5.402019220007434,1430353.7516191115,COVID-19
264.72527472527474,176699.70316764823,5.024281206832617,1430354.272551145,COVID-19
265.72802197802196,176699.57020586604,4.673534813014431,1430354.756259321,COVID-19
266.7307692307692,176699.44666941868,4.347651606283272,1430355.205678975,COVID-19
267.7335164835165,176699.3317769779,4.044570615814327,1430355.6236524063,COVID-19
268.7362637362637,176699.22477279048,3.7622983322275028,1430356.0129288773,COVID-19
269.739010989011,176699.12492877097,3.4989142269496694,1430356.376157002,COVID-19
270.74175824175825,176699.03180168665,3.253249024193691,1430356.714949289,COVID-19
271.7445054945055,176698.9450968493,3.0245252824508038,1430357.030377868,COVID-19
272.74725274725273,176698.8644379042,2.8117502133104777,1430357.3238118824,COVID-19
273.75,176698.78945815904,2.613956516427572,1430357.5965853245,COVID-19
274.75274725274727,176698.71980058352,2.430202379522413,1430357.8499970369,COVID-19
275.7554945054945,176698.65511780969,2.2595714783807495,1430358.0853107118,COVID-19
276.75824175824175,176698.5950721318,2.101172976853733,1430358.3037548913,COVID-19
277.760989010989,176698.53933550627,1.9541415268579687,1430358.5065229668,COVID-19
278.76373626373623,176698.4875895518,1.8176372683754907,1430358.6947731797,COVID-19
279.7664835164835,176698.4395255493,1.6908458294537356,1430358.8696286213,COVID-19
280.7692307692308,176698.39484444185,1.5729783262055916,1430359.032177232,COVID-19
281.77197802197804,176698.35325683482,1.4632713628093699,1430359.1834718024,COVID-19
282.77472527472526,176698.31448299575,1.360987031508813,1430359.3245299726,COVID-19
283.7774725274725,176698.2782904369,1.2655120442361294,1430359.4561975189,COVID-19
284.7802197802198,176698.24457762385,1.1765785388929924,1430359.5788438371,COVID-19
285.782967032967,176698.2132055253,1.0938197558575267,1430359.6929747188,COVID-19
286.7857142857143,176698.18403414305,1.016866386418842,1430359.7990994705,COVID-19
287.78846153846155,176698.15692712902,0.9453587504388214,1430359.8977141206,COVID-19
288.79120879120876,176698.13175178505,0.8789467963521043,1430359.9893014187,COVID-19
289.79395604395603,176698.10837906302,0.8172901011660769,1430360.0743308358,COVID-19
290.7967032967033,176698.08668356488,0.7600578704608962,1430360.1532585646,COVID-19
291.79945054945057,176698.0665435425,0.7069289383894731,1430360.226527519,COVID-19
292.8021978021978,176698.04784089778,0.6575917676774796,1430360.2945673345,COVID-19
293.80494505494505,176698.03046118273,0.611744449623338,1430360.3577943677,COVID-19
294.8076923076923,176698.01429359926,0.5690947040982367,1430360.4166116966,COVID-19
295.81043956043953,176697.99923099935,0.5293598795461222,1430360.471409121,COVID-19
296.8131868131868,176697.9851723081,0.49227334483740265,1430360.522554347,COVID-19
297.8159340659341,176697.97206578578,0.45769860975844284,1430360.5702356044,COVID-19
298.81868131868134,176697.95986517594,0.4255136501994523,1430360.6146211738,COVID-19
299.82142857142856,176697.948517038,0.39557749118130014,1430360.655905471,COVID-19
300.8241758241758,176697.93796930969,0.36775279414103956,1430360.6942778963,COVID-19
301.8269230769231,176697.9281713074,0.3419058569319179,1430360.7299228357,COVID-19
302.8296703296703,176697.91907372588,0.31790661382337104,1430360.7630196603,COVID-19
303.8324175824176,176697.91062863846,0.29562863550102003,1430360.793742726,COVID-19
304.83516483516485,176697.90278949693,0.274949129066679,1430360.822261374,COVID-19
305.83791208791206,176697.89551113156,0.25574893803835064,1430360.8487399304,COVID-19
306.84065934065933,176697.8887497511,0.23791254235022374,1430360.8733377066,COVID-19
307.8434065934066,176697.88246294274,0.22132805835267927,1430360.896208999,COVID-19
308.84615384615387,176697.87660967233,0.20588723881228616,1430360.917503089,COVID-19
309.8489010989011,176697.87115028402,0.19148547291180307,1430360.9373642432,COVID-19
310.85164835164835,176697.86605566787,0.17804596911740528,1430360.9558983631,COVID-19
311.8543956043956,176697.86131146344,0.16553084454713324,1430360.9731576922,COVID-19
312.85714285714283,176697.85689734874,0.15388649033677573,1430360.989216161,COVID-19
313.8598901098901,176697.85279345003,0.14306047975406755,1430361.0041460702,COVID-19
314.8626373626374,176697.84898041366,0.13300175852293705,1430361.018017828,COVID-19
315.8653846153846,176697.84543940643,0.12366064482350402,1430361.030899949,COVID-19
316.86813186813185,176697.84215211525,0.11498882929207824,1430361.0428590556,COVID-19
317.8708791208791,176697.83910074737,0.10693937502116274,1430361.0539598777,COVID-19
318.8736263736264,176697.83626803037,0.09946671755945156,1430361.064265252,COVID-19
319.8763736263736,176697.83363721197,0.09252666491183073,1430361.0738361233,COVID-19
320.8791208791209,176697.83119206023,0.08607639753937668,1430361.0827315424,COVID-19
321.88186813186815,176697.82891686348,0.08007446835935866,1430361.0910086683,COVID-19
322.88461538461536,176697.8267964303,0.0744808027452374,1430361.098722767,COVID-19
323.8873626373626,176697.82481704597,0.06925922146804764,1430361.1059237325,COVID-19
324.8901098901099,176697.822972516,0.06439338361720202,1430361.1126341005,COVID-19
325.89285714285717,176697.82125574854,0.059864580972576825,1430361.1188796705,COVID-19
326.8956043956044,176697.81965916112,0.0556528110452104,1430361.124688028,COVID-19
327.89835164835165,176697.8181753672,0.051738588439844066,1430361.1300860443,COVID-19
328.9010989010989,176697.81679717635,0.04810294485492352,1430361.1350998788,COVID-19
329.90384615384613,176697.81551759414,0.04472742908259808,1430361.1397549768,COVID-19
330.9065934065934,176697.8143298221,0.041594107008720155,1430361.144076071,COVID-19
331.90934065934067,176697.81322725792,0.03868556161284642,1430361.1480871805,COVID-19
332.9120879120879,176697.81220349512,0.03598489296823714,1430361.1518116118,COVID-19
333.91483516483515,176697.8112523234,0.03347571824185582,1430361.1552719583,COVID-19
334.9175824175824,176697.81036772835,0.031142171694370092,1430361.1584901,COVID-19
335.9203296703297,176697.80954389166,0.028968904680151092,1430361.1614872036,COVID-19
336.9230769230769,176697.80877520086,0.02694111153790949,1430361.1642836875,COVID-19
337.9258241758242,176697.80805816335,0.025049578867864755,1430361.1668922578,COVID-19
338.92857142857144,176697.80739054966,0.023288425396512682,1430361.169321025,COVID-19
339.93131868131866,176697.80676947045,0.02165002903353287,1430361.1715805004,COVID-19
340.9340659340659,176697.80619210983,0.02012696161830567,1430361.1736809285,COVID-19
341.9368131868132,176697.8056557255,0.018711988919912784,1430361.1756322857,COVID-19
342.9395604395604,176697.80515764863,0.0173980706371369,1430361.1774442806,COVID-19
343.9423076923077,176697.80469528394,0.01617836039846155,1430361.1791263556,COVID-19
344.94505494505495,176697.80426610957,0.015046205762071533,1430361.1806876846,COVID-19
345.9478021978022,176697.80386767728,0.013995148215852597,1430361.1821371745,COVID-19
346.95054945054943,176697.80349761236,0.013018923177391594,1430361.1834834644,COVID-19
347.9532967032967,176697.80315361347,0.012111459993976267,1430361.1847349266,COVID-19
348.95604395604397,176697.80283345294,0.011266881942595546,1430361.185899665,COVID-19
349.9587912087912,176697.8025349765,0.010479506229939407,1430361.1869855172,COVID-19
350.96153846153845,176697.80225634316,0.009744476156285145,1430361.1879991805,COVID-19
351.9642857142857,176697.80199675978,0.009059699637079484,1430361.1889435404,COVID-19
352.967032967033,176697.80175517974,0.008422415632291964,1430361.1898224044,COVID-19
353.9697802197802,176697.80153053283,0.007829800848703833,1430361.1906396663,COVID-19
354.9725274725275,176697.80132177597,0.007279103843035039,1430361.19139912,COVID-19
355.97527472527474,176697.80112789344,0.006767645021944444,1430361.1921044614,COVID-19
356.97802197802196,176697.8009478967,0.0062928166420297025,1430361.1927592866,COVID-19
357.9807692307692,176697.80078082441,0.005852082809827201,1430361.1933670926,COVID-19
358.9835164835165,176697.80062574256,0.005442979481812211,1430361.1939312778,COVID-19
359.9862637362637,176697.80048174429,0.005063114464398802,1430361.1944551412,COVID-19
360.989010989011,176697.80034795,0.004710167413939788,1430361.1949418825,COVID-19
361.99175824175825,176697.80022350734,0.004381889836726856,1430361.1953946026,COVID-19
362.9945054945055,176697.80010759123,0.004076105088990476,1430361.1958163036,COVID-19
363.99725274725273,176697.79999941128,0.003790728213074568,1430361.1962098605,COVID-19
365.0,176697.79989863458,0.003524881050313476,1430361.1965764842,COVID-19
0.0,1607058.0,1.0,0.0,Arbovirose
1.0027472527472527,1607057.726795258,1.1214242223228161,0.15178051943582815,Arbovirose
2.0054945054945055,1607057.4203881992,1.2576049855504026,0.32200681513168594,Arbovirose
3.008241758241758,1607057.0767885945,1.4103157122316032,0.5128956931469419,Arbovirose
4.010989010989011,1607056.6915196609,1.5815460681829856,0.7269342707635432,Arbovirose
5.013736263736264,1607056.259475481,1.7735653280437507,0.9669591909503743,Arbovirose
6.016483516483516,1607055.7749203641,1.9889226588331876,1.2361569768457894,Arbovirose
7.019230769230769,1607055.231488848,2.230447119950674,1.5380640317576104,Arbovirose
8.021978021978022,1607054.621941034,2.5013563849484366,1.876702581110962,Arbovirose
9.024725274725274,1607053.9382533072,2.8052164394015957,2.256530253346423,Arbovirose
10.027472527472527,1607053.1719634426,3.145788243535349,2.6822483139585,Arbovirose
11.030219780219781,1607052.313105282,3.5275011303589068,3.1593935877048245,Arbovirose
12.032967032967033,1607051.350172096,3.9554690873262874,3.694358816852082,Arbovirose
13.035714285714285,1607050.2701165825,4.4354907563363195,4.294392661176013,Arbovirose
14.038461538461538,1607049.0583508683,4.97404943373264,4.967599697961415,Arbovirose
15.041208791208792,1607047.6987465078,5.578313070303697,5.722940422002132,Arbovirose
16.043956043956044,1607046.173634483,6.2561342712827415,6.570231245601069,Arbovirose
17.046703296703296,1607044.4637979546,7.016053517059512,7.520148528283423,Arbovirose
18.049450549450547,1607042.5454516802,7.868641015690124,8.585907303994814,Arbovirose
19.052197802197803,1607040.3942878915,8.824699826497158,9.781012282069742,Arbovirose
20.054945054945055,1607037.984390269,9.895748268515568,11.119861462536635,Arbovirose
21.057692307692307,1607035.2846579186,11.095608387983603,12.619733693437087,Arbovirose
22.060439560439562,1607032.258805371,12.44040595834281,14.300788670825867,Arbovirose
23.063186813186814,1607028.8653625809,13.948570480238008,16.186066938770875,Arbovirose
24.065934065934066,1607025.057674929,15.64083518151732,18.3014898893532,Arbovirose
25.068681318681318,1607020.78390322,17.540237017232155,20.67585976266708,Arbovirose
26.07142857142857,1607015.9870236835,19.672116669637212,23.34085964681992,Arbovirose
27.074175824175825,1607010.6048279738,22.064118548190493,26.331053477932294,Arbovirose
28.076923076923077,1607004.5699231704,24.746190789553253,29.683886040137907,Arbovirose
29.07967032967033,1606997.8058811652,27.752293360005904,33.441825474759106,Arbovirose
30.082417582417584,1606990.214531457,31.126038970028397,37.6594295726762,Arbovirose
31.085164835164836,1606981.7079594473,34.906503806350216,42.38553674626557,Arbovirose
32.08791208791209,1606972.1822504785,39.13987091349521,47.67787860781469,Arbovirose
33.09065934065934,1606961.5130315672,43.88140750088397,53.6055609317511,Arbovirose
34.09340659340659,1606949.5554714024,49.19546494283378,60.249063654642256,Arbovirose
35.09615384615385,1606936.144280346,55.15547877855884,67.70024087519589,Arbovirose
36.098901098901095,1606921.0937104335,61.84396871216994,76.06232085425951,Arbovirose
37.10164835164835,1606904.1975553723,69.35253861267478,85.44990601482097,Arbovirose
38.104395604395606,1606885.229150544,77.78187651397778,95.98897294200796,Arbovirose
39.107142857142854,1606863.9413730018,87.24175461487997,107.81687238308817,Arbovirose
40.10989010989011,1606840.0666414732,97.85102927907944,121.08232924746963,Arbovirose
41.112637362637365,1606813.3166908743,109.73774039702583,135.94556872861332,Arbovirose
42.11538461538461,1606783.3066152758,123.07261807477514,152.620766649439,Arbovirose
43.11813186813187,1606749.6538843466,138.02557863873545,171.3205370144744,Arbovirose
44.120879120879124,1606711.9698183378,154.769442620353,192.26073904181118,Arbovirose
45.12362637362637,1606669.779099221,173.5153823454008,215.70551843334272,Arbovirose
46.12637362637363,1606622.5197706912,194.512921933979,241.96730737476497,Arbovirose
47.129120879120876,1606569.543238164,218.04993730051402,271.40682453557497,Arbovirose
48.13186813186813,1606510.1142687772,244.45265615375973,304.43307506907246,Arbovirose
49.13461538461539,1606443.4109913907,274.0856579967964,341.5033506123586,Arbovirose
50.137362637362635,1606368.5248965865,307.3518741270308,383.12322928633625,Arbovirose
51.14010989010989,1606284.460836668,344.69258763619746,429.84657569571095,Arbovirose
52.14285714285714,1606190.1370256606,386.5874334103565,482.27554092898924,Arbovirose
53.145604395604394,1606084.3850393116,433.5543981298962,541.0605625584806,Arbovirose
54.14835164835165,1605965.9387843614,486.1545340745091,606.9066815639404,Arbovirose
55.1510989010989,1605833.062949761,545.1517237090055,680.7853265297794,Arbovirose
56.15384615384615,1605684.1366152114,611.2658862708255,763.5974985176533,Arbovirose
57.15659340659341,1605517.4237518464,685.2698546955211,856.3063934578585,Arbovirose
58.15934065934066,1605330.8176587226,768.0982268724238,960.0841144048338,Arbovirose
59.16208791208791,1605121.840962818,860.8473656446467,1076.3116715371646,Arbovirose
60.16483516483517,1604887.6456190331,964.775398809081,1206.5789821575768,Arbovirose
61.167582417582416,1604625.0129101905,1081.302219116397,1352.6848706929395,Arbovirose
62.17032967032967,1604330.3534470345,1212.0094842710475,1516.6370686942687,Arbovirose
63.17307692307692,1603999.7071682317,1358.6406169312615,1700.6522148367194,Arbovirose
64.17582417582418,1603628.7433403712,1523.1008047090515,1907.1558549195947,Arbovirose
65.17857142857143,1603212.7605579633,1707.4570001702068,2138.7824418663376,Arbovirose
66.18131868131869,1602746.686743441,1913.9379208342978,2398.375335724536,Arbovirose
67.18406593406593,1602225.0667081,2144.938369686657,2688.994922213335,Arbovirose
68.18681318681318,1601640.7856317554,2403.484177110378,3014.730191134053,Arbovirose
69.18956043956044,1600986.599954898,2692.7674839196743,3379.6325611821762,Arbovirose
70.1923076923077,1600254.8658789552,3016.2127290539524,3787.9213919908234,Arbovirose
71.19505494505495,1599436.50970442,3377.823394812081,4244.666900767688,Arbovirose
72.19780219780219,1598521.0278308524,3782.182006852384,4755.790162295032,Arbovirose
73.20054945054945,1597496.4867568775,4234.450134192666,5328.063108929717,Arbovirose
74.2032967032967,1596349.5230801867,4740.368389210179,5969.108530603158,Arbovirose
75.20604395604396,1595065.3434975368,5306.25642764164,6687.400074821353,Arbovirose
76.20879120879121,1593627.7248047518,5939.012948583231,7492.262246664878,Arbovirose
77.21153846153847,1592019.0138967205,6646.115694490594,8393.87040878888,Arbovirose
78.21428571428571,1590220.127767398,7435.621451178826,9403.250781423078,Arbovirose
79.21703296703296,1588210.5535098056,8316.166047822517,10532.280442371795,Arbovirose
80.21978021978022,1585968.3483160303,9296.964356955688,11793.687327013908,Arbovirose
81.22252747252747,1583470.3726975324,10386.569281106982,13202.058021360464,Arbovirose
82.22527472527473,1580688.3317719619,11596.13678962988,14774.531438408028,Arbovirose
83.22802197802197,1577588.6907369741,12940.900104140506,16529.409158885213,Arbovirose
84.23076923076923,1574135.2570536933,14436.430999955137,18487.31194635131,Arbovirose
85.23351648351648,1570289.1965086337,16098.610229876118,20671.193261489992,Arbovirose
86.23626373626374,1566009.0332136985,17943.627524191936,23106.33926210938,Arbovirose
87.23901098901099,1561250.6496061806,19987.9815906772,25820.368803142053,Arbovirose
88.24175824175825,1555967.2864487623,22248.480114592643,28843.233436645023,Arbovirose
89.24450549450549,1550109.5428295152,24742.23975868509,32207.217411799684,Arbovirose
90.24725274725274,1543625.3761619003,27486.686163187587,35946.93767491204,Arbovirose
91.25,1536460.1021847683,30499.553945819218,40099.34386941237,Arbovirose
92.25274725274726,1528556.3949623592,33798.88670178519,44703.71833585545,Arbovirose
93.25549450549451,1519854.2868843025,37403.03700377687,49801.67611192049,Arbovirose
94.25824175824175,1510297.4158873197,41326.902317044645,55434.68179563563,Arbovirose
95.26098901098901,1499862.8471940802,45562.48751708289,61633.66528883669,Arbovirose
96.26373626373626,1488462.0122544158,50137.132820493745,68459.85492509033,Arbovirose
97.26648351648352,1476004.0445543162,55077.65123588864,75977.30420979504,Arbovirose
98.26923076923077,1462412.8428489626,60400.30382158575,84245.85332945155,Arbovirose
99.27197802197801,1447627.0711627272,66110.79968560996,93321.12915166275,Arbovirose
100.27472527472527,1431600.1587891725,72204.2959856931,103254.54522513418,Arbovirose
101.27747252747253,1414300.300291053,78665.3979292736,114093.30177967323,Arbovirose
102.28021978021978,1395710.4555003135,85468.15877349669,125880.38572618974,Arbovirose
103.28296703296704,1375828.3495180898,92576.07982521431,138654.57065669575,Arbovirose
104.28571428571428,1354666.4727147094,99942.11044098514,152450.4168443054,Arbovirose
105.28846153846153,1332252.0807296892,107508.6480270749,167298.27124323568,Arbovirose
106.29120879120879,1308627.1944717388,115207.53803945569,183224.26748880523,Arbovirose
107.29395604395604,1283848.600118758,122960.07398380658,200250.32589743525,Arbovirose
108.2967032967033,1257987.8491178374,130676.99741551335,218394.15346664912,Arbovirose
109.29945054945055,1231114.7359961213,138273.0499271826,237671.2140766958,Arbovirose
110.3021978021978,1203317.0768845559,145678.87092308176,258063.05219236214,Arbovirose
111.30494505494505,1174769.9247029226,152783.96688774353,279505.1084093336,Arbovirose
112.3076923076923,1145647.1723464904,159485.53735177167,301926.2903017377,Arbovirose
113.31043956043956,1116116.832955819,165691.67166618208,325250.49537799874,Arbovirose
114.31318681318682,1086341.0399167594,171321.34900240257,349396.6110808379,Arbovirose
115.31593406593406,1056476.0468604541,176304.43835227287,374278.5147872728,Arbovirose
116.31868131868131,1026672.2276633361,180581.69852804494,399805.0738086188,Arbovirose
117.32142857142857,997074.0764471304,184104.7781623824,425880.14539048704,Arbovirose
118.32417582417582,967820.2075788531,186836.215708361,452402.57671278575,Arbovirose
119.32692307692308,939043.3556708116,188749.43943946844,479266.20488971984,Arbovirose
120.32967032967034,910870.3755806047,189828.76744960432,506359.85696979094,Arbovirose
121.33241758241758,883422.2424111222,190069.40765308036,533567.3499357973,Arbovirose
122.33516483516483,856814.051510545,189477.4577846201,560767.4907048349,Arbovirose
123.33791208791209,831155.0184723455,188069.90539935912,587834.0761282952,Arbovirose
124.34065934065934,806548.2557655505,185874.8210485897,614635.9231858596,Arbovirose
125.3434065934066,783022.013052422,182982.43808715328,641054.5488604244,Arbovirose
126.34615384615384,760566.0594447126,179488.20239345633,667004.7381618309,Arbovirose
127.3489010989011,739196.5466509543,175452.51172340856,692409.941625637,Arbovirose
128.35164835164835,718921.8738914621,170935.74666253518,717201.3794460025,Arbovirose
129.3543956043956,699742.687898333,165998.2706259766,741318.0414756902,Arbovirose
130.35714285714286,681651.8829154447,160700.4298584883,764706.6872260668,Arbovirose
131.3598901098901,664634.600698459,155102.55343444145,787321.8458670995,Arbovirose
132.36263736263737,648668.2305148175,149264.9532578219,809125.8162273603,Arbovirose
133.3653846153846,633722.409143746,143247.92406223156,830088.6667940223,Arbovirose
134.36813186813185,619759.0208762505,137111.74341088685,850188.2357128626,Arbovirose
135.37087912087912,606732.1975151193,130916.67169661963,869410.1307882608,Arbovirose
136.37362637362637,594588.318374924,124722.9521418775,887747.7294831984,Arbovirose
137.37637362637363,583266.0102820162,118590.81079872265,905202.1789192609,Arbovirose
138.37912087912088,572696.1475745317,112580.45654883323,921782.3958766349,Arbovirose
139.38186813186812,562801.8521023865,106752.08110350206,937505.0667941114,Arbovirose
140.3846153846154,553510.3978287552,101153.87447884511,952394.7276923995,Arbovirose
141.38736263736263,544839.2532936393,95737.1967846555,966482.549921705,Arbovirose
142.3901098901099,536764.7554304077,90494.2617814764,979799.9827881157,Arbovirose
143.39285714285714,529248.8793812076,85432.34231001529,992377.7783087769,Arbovirose
144.39560439560438,522255.3661111441,80557.48406242064,1004246.149826435,Arbovirose
145.39835164835165,515749.72240828077,75874.50558228229,1015434.7720094367,Arbovirose
146.4010989010989,509699.22088364075,71386.99826463185,1025972.7808517271,Arbovirose
147.40384615384616,504072.8999712048,67097.32635594186,1035888.7736728531,Arbovirose
148.4065934065934,498841.5639279131,63006.62695412663,1045210.80911796,Arbovirose
149.40934065934067,493977.78283366375,59114.810008541484,1053966.4071577946,Arbovirose
150.4120879120879,489455.8925913144,55420.558319983524,1062182.5490887018,Arbovirose
151.41483516483515,485251.99492668046,51921.327540690916,1069885.6775326284,Arbovirose
152.41758241758242,481343.95738853636,48613.34617434323,1077101.6964371202,Arbovirose
153.42032967032966,477711.4133486154,45491.61557606168,1083855.9710753227,Arbovirose
154.42307692307693,474335.76200160896,42549.90995240855,1090173.3280459824,Arbovirose
155.42582417582418,471200.1683651677,39780.77636138779,1096078.0552734444,Arbovirose
156.42857142857142,468289.56327990047,37175.53471244451,1101593.9020076548,Arbovirose
157.4313186813187,465590.64340937487,34724.27776646525,1106744.07882416,Arbovirose
158.43406593406593,463088.8625152353,32417.282717776005,1111552.8547669882,Arbovirose
159.4368131868132,460763.01810796803,30250.08794678893,1116045.8939452427,Arbovirose
160.43956043956044,458601.8578095991,28216.53526919263,1120240.6069212079,Arbovirose
161.44230769230768,456595.35320261813,26310.23362755602,1124153.4131698254,Arbovirose
162.44505494505495,454733.75190331915,24524.887229774926,1127800.3608669054,Arbovirose
163.4478021978022,453007.5775618009,22854.295549072194,1131197.1268891266,Arbovirose
164.45054945054946,451407.62986196624,21292.353323997388,1134359.016814036,Arbovirose
165.4532967032967,449924.9845215228,19833.05055842711,1137300.9649200498,Arbovirose
166.45604395604394,448550.9932919827,18470.472521564734,1140037.5341864522,Arbovirose
167.4587912087912,447277.2839586622,17198.799747940524,1142582.9162933968,Arbovirose
168.46153846153845,446095.76034068235,16012.308037411745,1144950.9316219054,Arbovirose
169.46428571428572,444998.60229096864,14905.368455162392,1147155.0292538686,Arbovirose
170.46703296703296,443978.265696251,13872.4473317035,1149208.2869720452,Arbovirose
171.4697802197802,443027.5177872248,12908.110053236418,1151123.3721595383,Arbovirose
172.47252747252747,442142.01402334555,12007.630280538577,1152909.3556961154,Arbovirose
173.47527472527472,441318.76293246145,11167.489038109923,1154572.748029428,Arbovirose
174.47802197802199,440554.0920314215,10384.34384497849,1156120.5641235996,Arbovirose
175.48076923076923,439844.4167042443,9654.929240389787,1157559.6540553656,Arbovirose
176.4835164835165,439186.2402021177,8976.056783806625,1158896.7030140753,Arbovirose
177.48626373626374,438576.1536433994,8344.615054909282,1160138.231301691,Arbovirose
178.48901098901098,438010.8360136165,7757.569653595359,1161290.5943327877,Arbovirose
179.49175824175825,437487.05416546564,7211.963199979854,1162359.9826345542,Arbovirose
180.4945054945055,437001.6628188128,6704.915334395199,1163352.4218467916,Arbovirose
181.49725274725276,436551.6045606937,6233.622717391152,1164273.7727219146,Arbovirose
182.5,436133.9098453136,5795.3590297349065,1165129.731124951,Arbovirose
183.50274725274724,435745.69699404703,5387.474972411009,1165925.8280335416,Arbovirose
184.5054945054945,435384.1721954382,5007.398266621395,1166667.4295379398,Arbovirose
185.50824175824175,435046.98445288657,4652.847609153663,1167359.1679379593,Arbovirose
186.51098901098902,434733.2493843128,4322.571249882929,1168003.1793658037,Arbovirose
187.51373626373626,434441.6803178656,4015.230401101123,1168602.0892810326,Arbovirose
188.5164835164835,434170.9516022408,3729.4811122785095,1169158.5672854802,Arbovirose
189.51923076923077,433919.76886011765,3464.0114256864654,1169675.2197141952,Arbovirose
190.52197802197801,433686.86898815935,3217.541376397498,1170154.5896354427,Arbovirose
191.52472527472528,433471.020157013,2988.8229922851933,1170599.1568507012,Arbovirose
192.52747252747253,433271.0218113094,2776.6402940242733,1171011.3378946658,Arbovirose
193.53021978021977,433085.70466966333,2579.8092950905498,1171393.4860352455,Arbovirose
194.53296703296704,432913.9307246732,2397.178001760942,1171747.8912735654,Arbovirose
195.53571428571428,432754.5932429214,2227.6264131134963,1172076.7803439645,Arbovirose
196.53846153846155,432606.616764974,2070.066521027346,1172382.316713998,Arbovirose
197.5412087912088,432468.9571053811,1923.4423101827515,1172666.6005844355,Arbovirose
198.54395604395603,432340.6045282109,1786.7324948076232,1172931.662976981,Arbovirose
199.5467032967033,432221.00256393955,1659.3206427691257,1173178.6767932908,Arbovirose
200.54945054945054,432109.80342358886,1540.8040636916721,1173408.392512719,Arbovirose
201.5521978021978,432006.5076944813,1430.6579674675238,1173621.8343380506,Arbovirose
202.55494505494505,431910.6286099412,1328.3708698608561,1173820.0005201972,Arbovirose
203.5576923076923,431821.6920492949,1233.4445925077391,1174003.8633581968,Arbovirose
204.56043956043956,431739.2365378706,1145.3942629161452,1174174.3691992126,Arbovirose
205.5631868131868,431662.8132469984,1063.7483144659575,1174332.438438535,Arbovirose
206.56593406593407,431591.98599401047,988.0484864089517,1174478.96551958,Arbovirose
207.5686813186813,431526.33124224073,917.8498238688153,1174614.8189338897,Arbovirose
208.57142857142856,431465.4381010252,852.7206778411315,1174740.841221133,Arbovirose
209.57417582417582,431408.9083257016,792.2427051933872,1174857.8489691045,Arbovirose
210.57692307692307,431356.3563176099,736.0108686649771,1174966.6328137245,Arbovirose
211.57967032967034,431307.4091240917,683.633436867191,1175067.9574390405,Arbovirose
212.58241758241758,431261.7823291499,634.8076416699064,1175162.4100291794,Arbovirose
213.58516483516485,431219.3498241759,589.3922127126536,1175250.2579631107,Arbovirose
214.5879120879121,431179.92474872596,547.1880389948656,1175331.8872122786,Arbovirose
215.59065934065933,431143.323030365,507.9991429062157,1175407.677826728,Arbovirose
216.5934065934066,431109.3654505234,471.6347166742124,1175477.9998328018,Arbovirose
217.59615384615384,431077.87764449714,437.90912236420115,1175543.213233138,Arbovirose
218.5989010989011,431048.69010144816,406.6418918793582,1175603.6680066718,Arbovirose
219.60164835164835,431021.6381644036,377.65772696069735,1175659.704108635,Arbovirose
220.6043956043956,430996.56203025667,350.7864991870642,1175711.6514705555,Arbovirose
221.60714285714286,430973.306749766,325.86324997513873,1175759.830000258,Arbovirose
222.6098901098901,430951.7222275558,302.7281905794376,1175804.549581864,Arbovirose
223.61263736263737,430931.66322211624,281.22670209230904,1175846.1100757907,Arbovirose
224.6153846153846,430912.98934580287,261.2093354439376,1175884.8013187526,Arbovirose
225.61813186813185,430895.58079055336,242.54821683952318,1175920.8709926065,Arbovirose
226.62087912087912,430879.3860007555,225.18714422349493,1175954.4268550202,Arbovirose
227.62362637362637,430864.3366920543,209.05295496831627,1175985.6103529767,Arbovirose
228.62637362637363,430850.3631299571,194.07103970618672,1176014.565830336,Arbovirose
229.62912087912088,430837.39742472634,180.16876304520366,1176041.4338122278,Arbovirose
230.63186813186812,430825.3735313795,167.27546356935926,1176066.3510050504,Arbovirose
231.6346153846154,430814.2272496892,155.32245383854217,1176089.4502964716,Arbovirose
232.63736263736263,430803.89622418303,144.24302038853796,1176110.8607554277,Arbovirose
233.6401098901099,430794.3199441437,133.97242373102722,1176130.7076321247,Arbovirose
234.64285714285714,430785.439743609,124.44789835358785,1176149.1123580367,Arbovirose
235.64560439560438,430777.1988013717,115.60865271969303,1176166.1925459078,Arbovirose
236.64835164835165,430769.54214097967,107.3958692687122,1176182.061989751,Arbovirose
237.6510989010989,430762.41663073597,99.75270441591155,1176196.8306648475,Arbovirose
238.65384615384616,430755.7741926912,92.62769488565739,1176210.5981124225,Arbovirose
239.6565934065934,430749.59289670875,85.99719351062059,1176223.40990978,Arbovirose
240.65934065934067,430743.84804162773,79.83469306390077,1176235.3172653078,Arbovirose
241.6620879120879,430738.51319219335,74.11185814752889,1176246.3749496585,Arbovirose
242.66483516483515,430733.56261163496,68.80110208979528,1176256.6362862745,Arbovirose
243.66758241758242,430728.9712616661,63.87558694525021,1176266.153151388,Arbovirose
244.67032967032966,430724.71480248455,59.309223494704206,1176274.97597402,Arbovirose
245.67307692307693,430720.76959277224,55.07667124522716,1176283.1537359818,Arbovirose
246.67582417582418,430717.11268969526,51.153338430149326,1176290.733971874,Arbovirose
247.67857142857142,430713.72184890386,47.515382009060474,1176297.7627690863,Arbovirose
248.6813186813187,430710.57552453247,44.1397076678103,1176304.284767799,Arbovirose
249.68406593406593,430707.6528691997,41.00396981850866,1176310.343160981,Arbovirose
250.6868131868132,430704.9337340084,38.08657159952489,1176315.9796943914,Arbovirose
251.68956043956044,430702.39923844085,35.367273865676864,1176321.2334876927,Arbovirose
252.69230769230768,430700.0399025474,32.83589066094944,1176326.124206791,Arbovirose
253.69505494505495,430697.84687173046,30.482917244184147,1176330.6702110246,Arbovirose
254.6978021978022,430695.8101225639,28.29760224732701,1176334.8922751881,Arbovirose
255.70054945054946,430693.91989573266,26.269477599342217,1176338.8106266672,Arbovirose
256.7032967032967,430692.16669603286,24.388358526212613,1176342.4449454402,Arbovirose
257.70604395604397,430690.54129237175,22.64434355093924,1176345.8143640766,Arbovirose
258.7087912087912,430689.034717768,21.027814493541793,1176348.9374677378,Arbovirose
259.71153846153845,430687.6382693513,19.529436471058084,1176351.832294177,Arbovirose
260.7142857142857,430686.3435083626,18.1401578975446,1176354.516333739,Arbovirose
261.717032967033,430685.14226015407,16.851210484076166,1176357.0065293612,Arbovirose
262.7197802197802,430684.02661418903,15.654109238746084,1176359.3192765715,Arbovirose
263.7225274725275,430682.98892404203,14.540652466665865,1176361.4704234905,Arbovirose
264.72527472527474,430682.02187860623,13.50299805776563,1176363.4751233354,Arbovirose
265.72802197802196,430681.1213499467,12.536715173444458,1176365.341934879,Arbovirose
266.7307692307692,430680.2841922324,11.638427164983216,1176367.0773806018,Arbovirose
267.7335164835165,430679.5066046212,10.804056088287043,1176368.68933929,Arbovirose
268.7362637362637,430678.78488608537,10.029631091508657,1176370.1854828224,Arbovirose
269.739010989011,430678.1154354118,9.311288415048239,1176371.5732761724,Arbovirose
270.74175824175825,430677.4947512018,8.645271391553685,1176372.8599774058,Arbovirose
271.7445054945055,430676.91943187144,8.027930445920441,1176374.0526376818,Arbovirose
272.74725274725273,430676.386175651,7.45572309529158,1176375.158101253,Arbovirose
273.75,430675.89178058546,6.925213949057653,1176376.1830054647,Arbovirose
274.75274725274727,430675.4331445343,6.433074708856917,1176377.133780756,Arbovirose
275.7554945054945,430675.00726517156,5.9760841685751975,1176378.016650659,Arbovirose
276.75824175824175,430674.61123998574,5.551128214345837,1176378.8376317993,Arbovirose
277.760989010989,430674.2422687018,5.155202421859694,1176379.6025288755,Arbovirose
278.76373626373623,430673.8985529459,4.786376939207696,1176380.315070114,Arbovirose
279.7664835164835,430673.57898429176,4.443462127413744,1176380.97755358,Arbovirose
280.7692307692308,430673.2821214575,4.12491147413469,1176381.5929670676,Arbovirose
281.77197802197804,430673.0065608756,3.829218935171162,1176382.1642201883,Arbovirose
282.77472527472526,430672.75093669305,3.554918934467593,1176382.6941443717,Arbovirose
283.7774725274725,430672.51392077125,3.3005863641121653,1176383.1854928639,Arbovirose
284.7802197802198,430672.294222686,3.0648365843369025,1176383.6409407288,Arbovirose
285.782967032967,430672.09058972757,2.8463254235176167,1176384.063084848,Arbovirose
286.7857142857143,430671.9018069008,2.643749178173878,1176384.4544439202,Arbovirose
287.78846153846155,430671.7266969249,2.4558446129690856,1176384.8174584613,Arbovirose
288.79120879120876,430671.5641202334,2.2813889607104323,1176385.154490805,Arbovirose
289.79395604395603,430671.41297497455,2.1191999223488716,1176385.4678251024,Arbovirose
290.7967032967033,430671.27219701075,1.968135666979184,1176385.7596673216,Arbovirose
291.79945054945057,430671.1410103953,1.8273635556880754,1176386.031626048,Arbovirose
292.8021978021978,430671.019023174,1.696462949525304,1176386.2845138756,Arbovirose
293.80494505494505,430670.9056901923,1.5748488692193576,1176386.5194609377,Arbovirose
294.8076923076923,430670.80047917296,1.4619501536403914,1176386.7375706725,Arbovirose
295.81043956043953,430670.7028720869,1.3572109308362093,1176386.9399169814,Arbovirose
296.8131868131868,430670.61236515344,1.2600906180322493,1176387.1275442278,Arbovirose
297.8159340659341,430670.5284688401,1.1700639216316178,1176387.3014672373,Arbovirose
298.81868131868134,430670.45070786285,1.086620837215067,1176387.462671299,Arbovirose
299.82142857142856,430670.3786211858,1.009266649541003,1176387.6121121638,Arbovirose
300.8241758241758,430670.3117620214,0.937521932545472,1176387.7507160453,Arbovirose
301.8269230769231,430670.24969783047,0.870922549342183,1176387.8793796194,Arbovirose
302.8296703296703,430670.1920103221,0.8090196522224948,1176387.9989700248,Arbovirose
303.8324175824176,430670.1382954537,0.7513796826554082,1176388.1103248629,Arbovirose
304.83516483516485,430670.08822896704,0.6976546910315704,1176388.214116341,Arbovirose
305.83791208791206,430670.04166421393,0.6476873055408047,1176388.3106484797,Arbovirose
306.84065934065933,430669.9983978368,0.6012593096004257,1176388.4003428526,Arbovirose
307.8434065934066,430669.95822798886,0.5581541079803277,1176388.4836179023,Arbovirose
308.84615384615387,430669.92095820495,0.5181608805612491,1176388.5608809136,Arbovirose
309.8489010989011,430669.88639740204,0.481074582334777,1176388.6325280147,Arbovirose
310.85164835164835,430669.8543598788,0.4466959434033397,1176388.698944177,Arbovirose
311.8543956043956,430669.8246653158,0.4148314689802183,1176388.7605032143,Arbovirose
312.85714285714283,430669.7971387756,0.3852934393895405,1176388.817567784,Arbovirose
313.8598901098901,430669.77161070245,0.35789991006627647,1176388.8704893866,Arbovirose
314.8626373626374,430669.7479169226,0.33247471155624764,1176388.9196083648,Arbovirose
315.8653846153846,430669.7258986442,0.3088474495161223,1176388.9652539054,Arbovirose
316.86813186813185,430669.70540245704,0.2868535047134119,1176389.0077440373,Arbovirose
317.8708791208791,430669.68629631645,0.2663511838772028,1176389.0473524986,Arbovirose
318.8736263736264,430669.6685220045,0.24727801368588131,1176389.0841999808,Arbovirose
319.8763736263736,430669.6520047233,0.2295537305337028,1176389.1184415452,Arbovirose
320.8791208791209,430669.6366679386,0.21309620753083172,1176389.150235853,Arbovirose
321.88186813186815,430669.622437148,0.19782549817971495,1176389.1797373528,Arbovirose
322.88461538461536,430669.6092398809,0.18366383637507852,1176389.2070962817,Arbovirose
323.8873626373626,430669.59700569895,0.17053563640392533,1176389.2324586636,Arbovirose
324.8901098901099,430669.58566619526,0.15836749294554026,1176389.2559663109,Arbovirose
325.89285714285717,430669.57515499514,0.14708818107148658,1176389.2777568228,Arbovirose
326.8956043956044,430669.56540775584,0.13662865624560755,1176389.2979635869,Arbovirose
327.89835164835165,430669.55636216636,0.1269220543240241,1176389.3167157783,Arbovirose
328.9010989010989,430669.5479579477,0.11790369155513825,1176389.3341383596,Arbovirose
329.90384615384613,430669.5401368528,0.1095110645796313,1176389.3503520815,Arbovirose
330.9065934065934,430669.53284615214,0.10168759069310417,1176389.3654662562,Arbovirose
331.90934065934067,430669.5260616113,0.09440726451678506,1176389.3795311232,Arbovirose
332.9120879120879,430669.51975609054,0.08764096296850128,1176389.3926029457,Arbovirose
333.91483516483515,430669.5139005787,0.08135755491092672,1176389.4047418653,Arbovirose
334.9175824175824,430669.5084668309,0.07552673143589023,1176389.4160064368,Arbovirose
335.9203296703297,430669.50342736836,0.07011900586437408,1176389.4264536249,Arbovirose
336.9230769230769,430669.4987554787,0.06510571374651461,1176389.4361388066,Arbovirose
337.9258241758242,430669.4944252158,0.06045901286160118,1176389.4451157704,Arbovirose
338.92857142857144,430669.4904113996,0.056151883218077736,1176389.4534367162,Arbovirose
339.93131868131866,430669.4866896163,0.052158127053542086,1176389.4611522558,Arbovirose
340.9340659340659,430669.4832362185,0.04845236883474505,1176389.4683114118,Arbovirose
341.9368131868132,430669.480028325,0.04501005525759206,1176389.474961619,Arbovirose
342.9395604395604,430669.4770438206,0.04180745524714222,1176389.4811487233,Arbovirose
343.9423076923077,430669.4742619709,0.038822319058502,1176389.4869157092,Arbovirose
344.94505494505495,430669.4716723321,0.03604343974934826,1176389.4922842274,Arbovirose
345.9478021978022,430669.46926520433,0.033460408638419176,1176389.4972743862,Arbovirose
346.95054945054943,430669.4670295989,0.03106143399758715,1176389.5019089663,Arbovirose
347.9532967032967,430669.46495481505,0.028835033193323666,1176389.506210151,Arbovirose
348.95604395604397,430669.46303044027,0.026770032686700054,1176389.510199526,Arbovirose
349.9587912087912,430669.46124634997,0.02485556803338708,1176389.5138980811,Arbovirose
350.96153846153845,430669.4595927075,0.023081083883654634,1176389.5173262078,Arbovirose
351.9642857142857,430669.45805996447,0.02143633398237239,1176389.5205037007,Arbovirose
352.967032967033,430669.4566388604,0.019911381169009378,1176389.5234497576,Arbovirose
353.9697802197802,430669.4553204229,0.01849659737763417,1176389.5261829789,Arbovirose
354.9725274725275,430669.4540959676,0.01718266363691452,1176389.528721368,Arbovirose
355.97527472527474,430669.4529570982,0.01596057007011791,1176389.531082331,Arbovirose
356.97802197802196,430669.45189579774,0.014821713864040586,1176389.5332824874,Arbovirose
357.9807692307692,430669.45090846304,0.01376222860413469,1176389.5353293074,Arbovirose
358.9835164835165,430669.44999160786,0.012778373205455242,1176389.537230018,Arbovirose
359.9862637362637,430669.4491403739,0.011864934344905504,1176389.5389946909,Arbovirose
360.989010989011,430669.44835015084,0.011016964868237493,1176389.5406328833,Arbovirose
361.99175824175825,430669.44761657657,0.010229783790052297,1176389.5421536388,Arbovirose
362.9945054945055,430669.4469355368,0.009498976293799859,1176389.5435654859,Arbovirose
363.99725274725273,430669.4463031655,0.008820393731779074,1176389.5448764397,Arbovirose
365.0,430669.4457158446,0.008190153625137635,1176389.5460940008,Arbovirose
